{
	"info": {
		"_postman_id": "dce9c227-289c-4bdd-afb5-28b10aa77395",
		"name": "AFC_Application",
		"schema": "https://schema.getpostman.com/json/collection/v2.1.0/collection.json",
		"_exporter_id": "26044109"
	},
	"item": [
		{
			"name": "Get_Order_Applications",
			"request": {
				"method": "GET",
				"header": [],
				"url": {
					"raw": "https://h7asoon-001-site1.ctempurl.com/api/Application/Get_Order_Applications?APP_ORD_ID=42",
					"protocol": "https",
					"host": [
						"h7asoon-001-site1",
						"ctempurl",
						"com"
					],
					"path": [
						"api",
						"Application",
						"Get_Order_Applications"
					],
					"query": [
						{
							"key": "APP_ORD_ID",
							"value": "42"
						}
					]
				}
			},
			"response": []
		},
		{
			"name": "Get_Application",
			"request": {
				"method": "GET",
				"header": [],
				"url": {
					"raw": "https://h7asoon-001-site1.ctempurl.com/api/Application/Get_Application?APP_ID=29",
					"protocol": "https",
					"host": [
						"h7asoon-001-site1",
						"ctempurl",
						"com"
					],
					"path": [
						"api",
						"Application",
						"Get_Application"
					],
					"query": [
						{
							"key": "APP_ID",
							"value": "29"
						}
					]
				}
			},
			"response": []
		},
		{
			"name": "Insert_Application",
			"request": {
				"method": "POST",
				"header": [],
				"body": {
					"mode": "raw",
					"raw": "{\r\n    \"APP_PRG_ID\":10063,\r\n    \"APP_ORD_ID\":16\r\n}",
					"options": {
						"raw": {
							"language": "json"
						}
					}
				},
				"url": {
					"raw": "https://h7asoon-001-site1.ctempurl.com/api/Application/Insert_Application",
					"protocol": "https",
					"host": [
						"h7asoon-001-site1",
						"ctempurl",
						"com"
					],
					"path": [
						"api",
						"Application",
						"Insert_Application"
					]
				}
			},
			"response": []
		},
		{
			"name": "Update_Application",
			"request": {
				"method": "PUT",
				"header": [],
				"body": {
					"mode": "raw",
					"raw": "{\r\n    \"APP_PRG_ID\":10066,\r\n    \"APP_ORD_ID\":16\r\n}",
					"options": {
						"raw": {
							"language": "json"
						}
					}
				},
				"url": {
					"raw": "https://h7asoon-001-site1.ctempurl.com/api/Application/Update_Application?APP_ID=33",
					"protocol": "https",
					"host": [
						"h7asoon-001-site1",
						"ctempurl",
						"com"
					],
					"path": [
						"api",
						"Application",
						"Update_Application"
					],
					"query": [
						{
							"key": "APP_ID",
							"value": "33"
						}
					]
				}
			},
			"response": []
		},
		{
			"name": "Delete_Application",
			"request": {
				"method": "DELETE",
				"header": [],
				"url": {
					"raw": "https://h7asoon-001-site1.ctempurl.com/api/Application/Delete_Application?APP_ID=33",
					"protocol": "https",
					"host": [
						"h7asoon-001-site1",
						"ctempurl",
						"com"
					],
					"path": [
						"api",
						"Application",
						"Delete_Application"
					],
					"query": [
						{
							"key": "APP_ID",
							"value": "33"
						}
					]
				}
			},
			"response": []
		}
	]
}