{
	"info": {
		"_postman_id": "8b75ecb5-e445-4408-8920-f904e8e75922",
		"name": "AFC_Admin",
		"schema": "https://schema.getpostman.com/json/collection/v2.1.0/collection.json",
		"_exporter_id": "26044109"
	},
	"item": [
		{
			"name": "Admin_Login",
			"request": {
				"method": "GET",
				"header": [],
				"url": {
					"raw": "https://h7asoon-001-site1.ctempurl.com/api/Admin/Admin_Login?ADM_Username=hassan&ADM_Password=123",
					"protocol": "https",
					"host": [
						"h7asoon-001-site1",
						"ctempurl",
						"com"
					],
					"path": [
						"api",
						"Admin",
						"Admin_Login"
					],
					"query": [
						{
							"key": "ADM_Username",
							"value": "hassan"
						},
						{
							"key": "ADM_Password",
							"value": "123"
						}
					]
				}
			},
			"response": []
		},
		{
			"name": "Insert_Admin",
			"request": {
				"method": "POST",
				"header": [],
				"body": {
					"mode": "raw",
					"raw": "{\r\n    \"ADM_Username\":\"moderator\",\r\n    \"ADM_Password\":\"123\",\r\n    \"ADM_Role\":2\r\n}",
					"options": {
						"raw": {
							"language": "json"
						}
					}
				},
				"url": {
					"raw": "https://h7asoon-001-site1.ctempurl.com/api/Admin/Insert_Admin",
					"protocol": "https",
					"host": [
						"h7asoon-001-site1",
						"ctempurl",
						"com"
					],
					"path": [
						"api",
						"Admin",
						"Insert_Admin"
					]
				}
			},
			"response": []
		},
		{
			"name": "Update_Admin",
			"request": {
				"method": "PUT",
				"header": [],
				"body": {
					"mode": "raw",
					"raw": "{\r\n    \"ADM_Username\":\"hamza\",\r\n    \"ADM_Password\":\"789\",\r\n    \"ADM_Role\":2\r\n}",
					"options": {
						"raw": {
							"language": "json"
						}
					}
				},
				"url": {
					"raw": "https://h7asoon-001-site1.ctempurl.com/api/Admin/Update_Admin?ADM_ID=3",
					"protocol": "https",
					"host": [
						"h7asoon-001-site1",
						"ctempurl",
						"com"
					],
					"path": [
						"api",
						"Admin",
						"Update_Admin"
					],
					"query": [
						{
							"key": "ADM_ID",
							"value": "3"
						}
					]
				}
			},
			"response": []
		},
		{
			"name": "Delete_Admin",
			"request": {
				"method": "DELETE",
				"header": [],
				"url": {
					"raw": "https://h7asoon-001-site1.ctempurl.com/api/Admin/Delete_Admin?ADM_ID=3",
					"protocol": "https",
					"host": [
						"h7asoon-001-site1",
						"ctempurl",
						"com"
					],
					"path": [
						"api",
						"Admin",
						"Delete_Admin"
					],
					"query": [
						{
							"key": "ADM_ID",
							"value": "3"
						}
					]
				}
			},
			"response": []
		}
	]
}