{
	"info": {
		"_postman_id": "6107ff87-acdd-4331-8840-94844431ba92",
		"name": "AFC_UNV_PRG",
		"schema": "https://schema.getpostman.com/json/collection/v2.1.0/collection.json",
		"_exporter_id": "26044109"
	},
	"item": [
		{
			"name": "Get_Universities",
			"request": {
				"method": "GET",
				"header": [],
				"url": {
					"raw": "https://h7asoon-001-site1.ctempurl.com/api/University/Get_Universities",
					"protocol": "https",
					"host": [
						"h7asoon-001-site1",
						"ctempurl",
						"com"
					],
					"path": [
						"api",
						"University",
						"Get_Universities"
					]
				}
			},
			"response": []
		}
	]
}