{
	"info": {
		"_postman_id": "b8956810-fa85-46f5-8ad7-879aa5c8ebf5",
		"name": "AFC_FeedBack",
		"schema": "https://schema.getpostman.com/json/collection/v2.1.0/collection.json",
		"_exporter_id": "26044109"
	},
	"item": [
		{
			"name": "Insert_FeedBack",
			"request": {
				"method": "POST",
				"header": [],
				"body": {
					"mode": "raw",
					"raw": "{\r\n    \"FDB_Feed\":\"Feed test API hamza\",\r\n    \"FDB_File\":\"Phote API Feed hamza\",\r\n    \"FDB_USR_ID\":1\r\n}",
					"options": {
						"raw": {
							"language": "json"
						}
					}
				},
				"url": {
					"raw": "https://h7asoon-001-site1.ctempurl.com/api/FeedBack/Insert_FeedBack",
					"protocol": "https",
					"host": [
						"h7asoon-001-site1",
						"ctempurl",
						"com"
					],
					"path": [
						"api",
						"FeedBack",
						"Insert_FeedBack"
					]
				}
			},
			"response": []
		},
		{
			"name": "Update_FeedBack",
			"request": {
				"method": "PUT",
				"header": [],
				"body": {
					"mode": "raw",
					"raw": "{\r\n    \"FDB_Feed\":\"Feed API\",\r\n    \"FDB_File\":\"Phote API\",\r\n    \"FDB_USR_ID\":1\r\n}",
					"options": {
						"raw": {
							"language": "json"
						}
					}
				},
				"url": {
					"raw": "https://h7asoon-001-site1.ctempurl.com/api/FeedBack/Update_FeedBack?FDB_ID=2",
					"protocol": "https",
					"host": [
						"h7asoon-001-site1",
						"ctempurl",
						"com"
					],
					"path": [
						"api",
						"FeedBack",
						"Update_FeedBack"
					],
					"query": [
						{
							"key": "FDB_ID",
							"value": "2"
						}
					]
				}
			},
			"response": []
		},
		{
			"name": "Delete_FeedBack",
			"request": {
				"method": "DELETE",
				"header": [],
				"url": {
					"raw": "https://h7asoon-001-site1.ctempurl.com/api/FeedBack/Delete_FeedBack?FDB_ID=2",
					"protocol": "https",
					"host": [
						"h7asoon-001-site1",
						"ctempurl",
						"com"
					],
					"path": [
						"api",
						"FeedBack",
						"Delete_FeedBack"
					],
					"query": [
						{
							"key": "FDB_ID",
							"value": "2"
						}
					]
				}
			},
			"response": []
		},
		{
			"name": "Get_All_FeedBacks",
			"protocolProfileBehavior": {
				"disableBodyPruning": true
			},
			"request": {
				"method": "GET",
				"header": [],
				"body": {
					"mode": "raw",
					"raw": ""
				},
				"url": {
					"raw": "https://h7asoon-001-site1.ctempurl.com/api/FeedBack/Get_All_FeedBacks?Page_Number=3&Limit=5",
					"protocol": "https",
					"host": [
						"h7asoon-001-site1",
						"ctempurl",
						"com"
					],
					"path": [
						"api",
						"FeedBack",
						"Get_All_FeedBacks"
					],
					"query": [
						{
							"key": "Page_Number",
							"value": "3"
						},
						{
							"key": "Limit",
							"value": "5"
						}
					]
				}
			},
			"response": []
		}
	]
}