{
	"info": {
		"_postman_id": "c1cf0b0d-f307-4d4e-b96a-7ff3f99cc4f6",
		"name": "AFC_Message",
		"schema": "https://schema.getpostman.com/json/collection/v2.1.0/collection.json",
		"_exporter_id": "26044109"
	},
	"item": [
		{
			"name": "Insert_Message",
			"request": {
				"method": "POST",
				"header": [],
				"body": {
					"mode": "raw",
					"raw": "{\r\n    \"MSG_Message\":\"Message test api\",\r\n    \"MSG_File\":\"Phote\",\r\n    \"MSG_FDB_ID\":16\r\n}",
					"options": {
						"raw": {
							"language": "json"
						}
					}
				},
				"url": {
					"raw": "https://h7asoon-001-site1.ctempurl.com/api/Message/Insert_Message",
					"protocol": "https",
					"host": [
						"h7asoon-001-site1",
						"ctempurl",
						"com"
					],
					"path": [
						"api",
						"Message",
						"Insert_Message"
					]
				}
			},
			"response": []
		},
		{
			"name": "Update_Message",
			"request": {
				"method": "PUT",
				"header": [],
				"body": {
					"mode": "raw",
					"raw": "{\r\n    \"MSG_Message\":\"Message test API\",\r\n    \"MSG_File\":\"Phote API\",\r\n    \"MSG_FDB_ID\":1\r\n}",
					"options": {
						"raw": {
							"language": "json"
						}
					}
				},
				"url": {
					"raw": "https://h7asoon-001-site1.ctempurl.com/api/Message/Update_Message?MSG_ID=1",
					"protocol": "https",
					"host": [
						"h7asoon-001-site1",
						"ctempurl",
						"com"
					],
					"path": [
						"api",
						"Message",
						"Update_Message"
					],
					"query": [
						{
							"key": "MSG_ID",
							"value": "1"
						}
					]
				}
			},
			"response": []
		},
		{
			"name": "Delete_Message",
			"request": {
				"method": "DELETE",
				"header": [],
				"url": {
					"raw": "https://h7asoon-001-site1.ctempurl.com/api/Message/Delete_Message?MSG_ID=1",
					"protocol": "https",
					"host": [
						"h7asoon-001-site1",
						"ctempurl",
						"com"
					],
					"path": [
						"api",
						"Message",
						"Delete_Message"
					],
					"query": [
						{
							"key": "MSG_ID",
							"value": "1"
						}
					]
				}
			},
			"response": []
		},
		{
			"name": "Get_All_Agent_Messages",
			"request": {
				"method": "GET",
				"header": [],
				"url": {
					"raw": "https://h7asoon-001-site1.ctempurl.com/api/Message/Get_All_Agent_Messages?USR_ID=11&Page_Number=1&Limit=5",
					"protocol": "https",
					"host": [
						"h7asoon-001-site1",
						"ctempurl",
						"com"
					],
					"path": [
						"api",
						"Message",
						"Get_All_Agent_Messages"
					],
					"query": [
						{
							"key": "USR_ID",
							"value": "11"
						},
						{
							"key": "Page_Number",
							"value": "1"
						},
						{
							"key": "Limit",
							"value": "5"
						}
					]
				}
			},
			"response": []
		}
	]
}