{
	"info": {
		"_postman_id": "aecbdf6a-35dd-4730-a512-35ee8e5239c7",
		"name": "AFC_University",
		"schema": "https://schema.getpostman.com/json/collection/v2.1.0/collection.json",
		"_exporter_id": "26044109"
	},
	"item": [
		{
			"name": "Insert_University",
			"request": {
				"method": "POST",
				"header": [],
				"url": {
					"raw": "https://h7asoon-001-site1.ctempurl.com/api/University/Insert_University",
					"protocol": "https",
					"host": [
						"h7asoon-001-site1",
						"ctempurl",
						"com"
					],
					"path": [
						"api",
						"University",
						"Insert_University"
					]
				}
			},
			"response": []
		},
		{
			"name": "Update_University",
			"request": {
				"method": "PUT",
				"header": [],
				"body": {
					"mode": "raw",
					"raw": "{\r\n    \"UNV_Image\":\"EQWEQWEQWEQWEQWEQWEQWEQWEQWEQWEQWEQWEQWEQWEQW\",\r\n    \"UNV_BG_Image\":\"خلفية\",\r\n    \"UNV_Overview\":\"وجهة نظر\",\r\n    \"UNV_Name\":\"جامعة\",\r\n    \"UNV_City\":\"مدينة\",\r\n    \"UNV_Found_in\":1888,\r\n    \"UNV_UNVT_ID\":1,\r\n    \"UNV_NoOfTotalStudents\":100000,\r\n    \"UNV_NoOfInternationalStudents\":20000,\r\n    \"UNV_NoOfFaculty\":36,\r\n    \"UNV_About\":\"عن\",\r\n    \"UNV_ScholarShip_Rank\":15,\r\n    \"UNV_World_Rank\":150,\r\n    \"UNV_ARWU_Rank\":20,\r\n    \"UNV_Advantages\":\"مميزات\"\r\n}",
					"options": {
						"raw": {
							"language": "json"
						}
					}
				},
				"url": {
					"raw": "https://h7asoon-001-site1.ctempurl.com/api/University/Update_University?UNV_ID=208",
					"protocol": "https",
					"host": [
						"h7asoon-001-site1",
						"ctempurl",
						"com"
					],
					"path": [
						"api",
						"University",
						"Update_University"
					],
					"query": [
						{
							"key": "UNV_ID",
							"value": "208"
						}
					]
				}
			},
			"response": []
		},
		{
			"name": "Delete_University",
			"request": {
				"method": "DELETE",
				"header": [],
				"url": {
					"raw": "https://h7asoon-001-site1.ctempurl.com/api/University/Delete_University?UNV_ID=209",
					"protocol": "https",
					"host": [
						"h7asoon-001-site1",
						"ctempurl",
						"com"
					],
					"path": [
						"api",
						"University",
						"Delete_University"
					],
					"query": [
						{
							"key": "UNV_ID",
							"value": "209"
						}
					]
				}
			},
			"response": []
		}
	]
}