{
	"info": {
		"_postman_id": "619ba240-b39c-4f81-b3a7-7a4834fbdc0b",
		"name": "AFC_Order",
		"schema": "https://schema.getpostman.com/json/collection/v2.1.0/collection.json",
		"_exporter_id": "26044109"
	},
	"item": [
		{
			"name": "Get_Order",
			"request": {
				"method": "GET",
				"header": [],
				"url": {
					"raw": "http://chinaproject-001-site1.itempurl.com/api/Order/Get_Order?ORD_ID=44",
					"protocol": "http",
					"host": [
						"chinaproject-001-site1",
						"itempurl",
						"com"
					],
					"path": [
						"api",
						"Order",
						"Get_Order"
					],
					"query": [
						{
							"key": "ORD_ID",
							"value": "44"
						}
					]
				}
			},
			"response": []
		},
		{
			"name": "Insert_Order",
			"request": {
				"method": "POST",
				"header": [],
				"body": {
					"mode": "raw",
					"raw": "{\r\n    \"ORD_STD_ID\":4,\r\n    \"ORD_USR_ID\":1\r\n}",
					"options": {
						"raw": {
							"language": "json"
						}
					}
				},
				"url": {
					"raw": "http://chinaproject-001-site1.itempurl.com/api/Order/Insert_Order",
					"protocol": "http",
					"host": [
						"chinaproject-001-site1",
						"itempurl",
						"com"
					],
					"path": [
						"api",
						"Order",
						"Insert_Order"
					]
				}
			},
			"response": []
		},
		{
			"name": "Update_Order",
			"request": {
				"method": "PUT",
				"header": [],
				"body": {
					"mode": "raw",
					"raw": "{\r\n    \"ORD_Passport_sized_Photo\": \"Passport_sized_Photo\",\r\n    \"ORD_PassportID_Page\": \"PassportID\",\r\n    \"ORD_Academic_Transcripts\": \"Academic_Transcripts\",\r\n    \"ORD_Highest_Degree\": \"Highest_Degree\",\r\n    \"ORD_Foreigner_Physical\": \"Foreigner_Physical\",\r\n    \"ORD_Non_criminal\": \"Non_criminal\",\r\n    \"ORD_Chinese_Lang\": \"Chinese_Lang\",\r\n    \"ORD_University_App\": \"University_App\",\r\n    \"ORD_Guarantee_Letter\": \"Guarantee_Letter\",\r\n    \"ORD_Residence_Permit\": \"Residence_Permit\",\r\n    \"ORD_StudyCertificateInChina\": \"StudyCertificateInChina\",\r\n    \"ORD_Others\": \"Others\",\r\n    \"ORD_STD_ID\": 4,\r\n    \"ORD_USR_ID\": 11\r\n}",
					"options": {
						"raw": {
							"language": "json"
						}
					}
				},
				"url": {
					"raw": "http://chinaproject-001-site1.itempurl.com/api/Order/Update_Order?ORD_ID= 42",
					"protocol": "http",
					"host": [
						"chinaproject-001-site1",
						"itempurl",
						"com"
					],
					"path": [
						"api",
						"Order",
						"Update_Order"
					],
					"query": [
						{
							"key": "ORD_ID",
							"value": " 42"
						}
					]
				}
			},
			"response": []
		},
		{
			"name": "Delete_Order",
			"request": {
				"method": "DELETE",
				"header": [],
				"url": {
					"raw": "http://chinaproject-001-site1.itempurl.com/api/Order/Delete_Order?ORD_ID=30",
					"protocol": "http",
					"host": [
						"chinaproject-001-site1",
						"itempurl",
						"com"
					],
					"path": [
						"api",
						"Order",
						"Delete_Order"
					],
					"query": [
						{
							"key": "ORD_ID",
							"value": "30"
						}
					]
				}
			},
			"response": []
		}
	]
}