{
	"info": {
		"_postman_id": "2afb55f1-7951-4cee-8d23-e1f08c8fe944",
		"name": "AFC_Search",
		"schema": "https://schema.getpostman.com/json/collection/v2.1.0/collection.json",
		"_exporter_id": "26044109"
	},
	"item": [
		{
			"name": "Search_Student",
			"request": {
				"method": "GET",
				"header": [],
				"url": {
					"raw": "https://h7asoon-001-site1.ctempurl.com/api/Search/Search_Student?USR_ID=11&Term=female&Page_Number=1&Limit=5",
					"protocol": "https",
					"host": [
						"h7asoon-001-site1",
						"ctempurl",
						"com"
					],
					"path": [
						"api",
						"Search",
						"Search_Student"
					],
					"query": [
						{
							"key": "USR_ID",
							"value": "11"
						},
						{
							"key": "Term",
							"value": "female"
						},
						{
							"key": "Page_Number",
							"value": "1"
						},
						{
							"key": "Limit",
							"value": "5"
						}
					]
				}
			},
			"response": []
		},
		{
			"name": "Search_Program",
			"request": {
				"method": "GET",
				"header": [],
				"url": {
					"raw": "https://h7asoon-001-site1.ctempurl.com/api/Search/Search_Program?IsSelf=s&PRG_Code=&PRG_Field=Software Engineering&PRG_Degree=&PRG_TL=&PRG_Duration=0&PRG_Year=0&PRG_Intake=&PRG_City=&UNV_Name=&Page_Number=1&Limit=5",
					"protocol": "https",
					"host": [
						"h7asoon-001-site1",
						"ctempurl",
						"com"
					],
					"path": [
						"api",
						"Search",
						"Search_Program"
					],
					"query": [
						{
							"key": "IsSelf",
							"value": "s"
						},
						{
							"key": "PRG_Code",
							"value": ""
						},
						{
							"key": "PRG_Field",
							"value": "Software Engineering"
						},
						{
							"key": "PRG_Degree",
							"value": ""
						},
						{
							"key": "PRG_TL",
							"value": ""
						},
						{
							"key": "PRG_Duration",
							"value": "0"
						},
						{
							"key": "PRG_Year",
							"value": "0"
						},
						{
							"key": "PRG_Intake",
							"value": ""
						},
						{
							"key": "PRG_City",
							"value": ""
						},
						{
							"key": "UNV_Name",
							"value": ""
						},
						{
							"key": "Page_Number",
							"value": "1"
						},
						{
							"key": "Limit",
							"value": "5"
						}
					]
				}
			},
			"response": []
		},
		{
			"name": "Search_University",
			"request": {
				"method": "GET",
				"header": [],
				"url": {
					"raw": "https://h7asoon-001-site1.ctempurl.com/api/Search/Search_University?UNV_Name=&City=&Degree=&Page_Number=1&Limit=5",
					"protocol": "https",
					"host": [
						"h7asoon-001-site1",
						"ctempurl",
						"com"
					],
					"path": [
						"api",
						"Search",
						"Search_University"
					],
					"query": [
						{
							"key": "UNV_Name",
							"value": ""
						},
						{
							"key": "City",
							"value": ""
						},
						{
							"key": "Degree",
							"value": ""
						},
						{
							"key": "Page_Number",
							"value": "1"
						},
						{
							"key": "Limit",
							"value": "5"
						}
					]
				}
			},
			"response": []
		},
		{
			"name": "Filter_Order",
			"request": {
				"method": "GET",
				"header": [],
				"url": {
					"raw": "https://h7asoon-001-site1.ctempurl.com/api/Search/Filter_Order?USR_ID=11&State=&Search_Term=&Page_Number=2&Limit=5",
					"protocol": "https",
					"host": [
						"h7asoon-001-site1",
						"ctempurl",
						"com"
					],
					"path": [
						"api",
						"Search",
						"Filter_Order"
					],
					"query": [
						{
							"key": "USR_ID",
							"value": "11"
						},
						{
							"key": "State",
							"value": ""
						},
						{
							"key": "Search_Term",
							"value": ""
						},
						{
							"key": "Page_Number",
							"value": "2"
						},
						{
							"key": "Limit",
							"value": "5"
						}
					]
				}
			},
			"response": []
		}
	]
}