{
	"info": {
		"_postman_id": "f70beb3b-9dec-494f-a193-9d296e67d03e",
		"name": "AFC_User",
		"schema": "https://schema.getpostman.com/json/collection/v2.1.0/collection.json",
		"_exporter_id": "26044109"
	},
	"item": [
		{
			"name": "User_Login",
			"protocolProfileBehavior": {
				"disableBodyPruning": true
			},
			"request": {
				"method": "GET",
				"header": [],
				"body": {
					"mode": "raw",
					"raw": "",
					"options": {
						"raw": {
							"language": "json"
						}
					}
				},
				"url": {
					"raw": "https://h7asoon-001-site1.ctempurl.com/api/User/User_Login?USR_Username=amr&USR_Password=1234",
					"protocol": "https",
					"host": [
						"h7asoon-001-site1",
						"ctempurl",
						"com"
					],
					"path": [
						"api",
						"User",
						"User_Login"
					],
					"query": [
						{
							"key": "USR_Username",
							"value": "amr"
						},
						{
							"key": "USR_Password",
							"value": "1234"
						}
					]
				}
			},
			"response": []
		},
		{
			"name": "Insert_User",
			"request": {
				"method": "POST",
				"header": [],
				"body": {
					"mode": "raw",
					"raw": "{\r\n    \"USR_Username\": \"qewq\",\r\n    \"USR_City\": \"eqweqwe\",\r\n    \"USR_Email\": \"qeqweq\",\r\n    \"USR_Password\": \"12345\",\r\n    \"USR_Nationality\": \"eqweqw\",\r\n    \"USR_Phone\": \"01254856921\",\r\n    \"USR_ROL_ID\": 1\r\n}",
					"options": {
						"raw": {
							"language": "json"
						}
					}
				},
				"url": {
					"raw": "https://h7asoon-001-site1.ctempurl.com/api/User/Insert_User",
					"protocol": "https",
					"host": [
						"h7asoon-001-site1",
						"ctempurl",
						"com"
					],
					"path": [
						"api",
						"User",
						"Insert_User"
					]
				}
			},
			"response": []
		},
		{
			"name": "Update_User",
			"request": {
				"method": "PUT",
				"header": [],
				"body": {
					"mode": "raw",
					"raw": "{\r\n    \"USR_Username\": \"test2\",\r\n    \"USR_Image\":\"https://res.cloudinary.com/aabbadham/image/upload/v1677456683/client_logo3_ktio2r.png\",\r\n    \"USR_City\": \"\",\r\n    \"USR_Email\": \"\",\r\n    \"USR_Password\": \"456\",\r\n    \"USR_Nationality\": \"\",\r\n    \"USR_Phone\": \"01254856921\",\r\n    \"USR_ROL_ID\": 1\r\n}",
					"options": {
						"raw": {
							"language": "json"
						}
					}
				},
				"url": {
					"raw": "https://h7asoon-001-site1.ctempurl.com/api/User/Update_User?USR_ID=6",
					"protocol": "https",
					"host": [
						"h7asoon-001-site1",
						"ctempurl",
						"com"
					],
					"path": [
						"api",
						"User",
						"Update_User"
					],
					"query": [
						{
							"key": "USR_ID",
							"value": "6"
						}
					]
				}
			},
			"response": []
		},
		{
			"name": "Delete_User",
			"request": {
				"method": "DELETE",
				"header": [],
				"url": {
					"raw": "https://h7asoon-001-site1.ctempurl.com/api/User/Delete_User?USR_ID=7",
					"protocol": "https",
					"host": [
						"h7asoon-001-site1",
						"ctempurl",
						"com"
					],
					"path": [
						"api",
						"User",
						"Delete_User"
					],
					"query": [
						{
							"key": "USR_ID",
							"value": "7"
						}
					]
				}
			},
			"response": []
		}
	]
}