{
	"info": {
		"_postman_id": "edc85e0c-0f15-4d48-92ae-edb847abaf24",
		"name": "AFC_Program",
		"schema": "https://schema.getpostman.com/json/collection/v2.1.0/collection.json",
		"_exporter_id": "26044109"
	},
	"item": [
		{
			"name": "Insert_Program",
			"request": {
				"method": "POST",
				"header": [],
				"body": {
					"mode": "raw",
					"raw": "{\r\n    \"PRG_Image\":\"test\",\r\n    \"PRG_Name\":\"prg test\",\r\n    \"PRG_SST_ID\":\"2\",\r\n    \"PRG_Old_Price\":40000,\r\n    \"PRG_New_Price\":0,\r\n    \"PRG_Intake\":\"Spring\",\r\n    \"PRG_Year\":2030,\r\n    \"PRG_Degree\":\"Master\",\r\n    \"PRG_Teaching_Languages\":\"Arabic\",\r\n    \"PRG_Field\":\"Medical Record\",\r\n    \"PRG_Expired_date\":\"2025-3-5\",\r\n    \"PRG_Duration\":3.5,\r\n    \"PRG_Policy\":\"policy\",\r\n    \"PRG_Requerments\":\"req\",\r\n    \"PRG_Special_Notes\":\"s notes\",\r\n    \"PRG_UNV_ID\":150\r\n}",
					"options": {
						"raw": {
							"language": "json"
						}
					}
				},
				"url": {
					"raw": "https://h7asoon-001-site1.ctempurl.com/api/Program/Insert_Program",
					"protocol": "https",
					"host": [
						"h7asoon-001-site1",
						"ctempurl",
						"com"
					],
					"path": [
						"api",
						"Program",
						"Insert_Program"
					]
				}
			},
			"response": []
		},
		{
			"name": "Update_Program",
			"request": {
				"method": "PUT",
				"header": [],
				"body": {
					"mode": "raw",
					"raw": "{\r\n    \"PRG_Image\":\"adasasdasda\",\r\n    \"PRG_Name\":\"الاسم الخاص بالبرنامج\",\r\n    \"PRG_SST_ID\":\"2\",\r\n    \"PRG_Old_Price\":40000,\r\n    \"PRG_New_Price\":0,\r\n    \"PRG_Intake\":\"Spring\",\r\n    \"PRG_Year\":2030,\r\n    \"PRG_Degree\":\"dOCTOR\",\r\n    \"PRG_Teaching_Languages\":\"ENGLISH\",\r\n    \"PRG_Field\":\"Medical Record\",\r\n    \"PRG_Expired_date\":\"2025-3-5\",\r\n    \"PRG_Duration\":3.5,\r\n    \"PRG_Policy\":\"policy\",\r\n    \"PRG_Requerments\":\"req\",\r\n    \"PRG_Special_Notes\":\"s notes\",\r\n    \"PRG_UNV_ID\":1\r\n}",
					"options": {
						"raw": {
							"language": "json"
						}
					}
				},
				"url": {
					"raw": "https://h7asoon-001-site1.ctempurl.com/api/Program/Update_Program?PRG_ID=10069",
					"protocol": "https",
					"host": [
						"h7asoon-001-site1",
						"ctempurl",
						"com"
					],
					"path": [
						"api",
						"Program",
						"Update_Program"
					],
					"query": [
						{
							"key": "PRG_ID",
							"value": "10069"
						}
					]
				}
			},
			"response": []
		},
		{
			"name": "Delete_Program",
			"request": {
				"method": "DELETE",
				"header": [],
				"url": {
					"raw": "https://h7asoon-001-site1.ctempurl.com/api/Program/Delete_Program?PRG_ID=10099",
					"protocol": "https",
					"host": [
						"h7asoon-001-site1",
						"ctempurl",
						"com"
					],
					"path": [
						"api",
						"Program",
						"Delete_Program"
					],
					"query": [
						{
							"key": "PRG_ID",
							"value": "10099"
						}
					]
				}
			},
			"response": []
		},
		{
			"name": "Get_University_Programs",
			"request": {
				"method": "GET",
				"header": [],
				"url": {
					"raw": "https://h7asoon-001-site1.ctempurl.com/api/University/Get_University_Programs?UNV_ID=318",
					"protocol": "https",
					"host": [
						"h7asoon-001-site1",
						"ctempurl",
						"com"
					],
					"path": [
						"api",
						"University",
						"Get_University_Programs"
					],
					"query": [
						{
							"key": "UNV_ID",
							"value": "318"
						}
					]
				}
			},
			"response": []
		},
		{
			"name": "Get_Program_By_ID",
			"request": {
				"method": "GET",
				"header": [],
				"url": {
					"raw": "https://h7asoon-001-site1.ctempurl.com/api/Program/Get_Program_By_ID?PRG_ID=22",
					"protocol": "https",
					"host": [
						"h7asoon-001-site1",
						"ctempurl",
						"com"
					],
					"path": [
						"api",
						"Program",
						"Get_Program_By_ID"
					],
					"query": [
						{
							"key": "PRG_ID",
							"value": "22"
						}
					]
				}
			},
			"response": []
		}
	]
}