{
	"info": {
		"_postman_id": "77fc7bdc-7161-4dc1-a7e1-5fdb006e2541",
		"name": "AFC_Student",
		"schema": "https://schema.getpostman.com/json/collection/v2.1.0/collection.json",
		"_exporter_id": "26044109"
	},
	"item": [
		{
			"name": "Insert_Student",
			"request": {
				"method": "POST",
				"header": [],
				"body": {
					"mode": "raw",
					"raw": "{\r\n    \"STD_SurName\":\"hamza\",\r\n    \"STD_GivenName\":\"ashry\",\r\n    \"STD_Nationality\":\"egyption\",\r\n    \"STD_DOB\":\"5/10/2000\",\r\n    \"STD_Gender\":0,\r\n    \"STD_PassportNo\":\"123456789\",\r\n    \"STD_SocialState\":0,\r\n    \"STD_PassportExDate\":\"5/12/2027\",\r\n    \"STD_Religion\":\"muslim\",\r\n    \"STD_Language\":\"arabic\",\r\n    \"STD_Eduction\":\"bachelor\",\r\n    \"STD_Email\":\"hamza@gmail.com\",\r\n    \"STD_Phone\":\"01212601762\",\r\n    \"STD_WhatsAppNo\":\"01212601762\",\r\n    \"STD_PlaceOfBirth\":\"SA\",\r\n    \"STD_Occupation\":\"bachelor\",\r\n    \"STD_Address\":\"BNS\",\r\n    \"STD_InChinaNow\":0,\r\n    \"STD_StudyInChine\":0,\r\n    \"STD_PassportPhoto\":\"\",\r\n    \"STD_PassportIDPhoto\":\"\",\r\n    \"STD_AcadimicTransctiptPhoto\":\"\",\r\n    \"STD_HieghestEduPhoto\":\"\",\r\n    \"STD_BankStatmentPhoto\":\"\",\r\n    \"STD_ForeignerExam\":\"\",\r\n    \"STD_NoCrimimalRecord\":\"\",\r\n    \"STD_AppForm\":\"\",\r\n    \"STD_UniversityAppForm\":\"\",\r\n    \"STD_USR_ID\":1\r\n}",
					"options": {
						"raw": {
							"language": "json"
						}
					}
				},
				"url": {
					"raw": "https://h7asoon-001-site1.ctempurl.com/api/Student/Insert_Student",
					"protocol": "https",
					"host": [
						"h7asoon-001-site1",
						"ctempurl",
						"com"
					],
					"path": [
						"api",
						"Student",
						"Insert_Student"
					]
				}
			},
			"response": []
		},
		{
			"name": "Update_Student",
			"request": {
				"method": "PUT",
				"header": [],
				"body": {
					"mode": "raw",
					"raw": "{\r\n    \"STD_SurName\":\"hamza\",\r\n    \"STD_GivenName\":\"ashry\",\r\n    \"STD_Nationality\":\"egyption\",\r\n    \"STD_DOB\":\"5/10/2000\",\r\n    \"STD_Gender\":0,\r\n    \"STD_PassportNo\":\"123456789\",\r\n    \"STD_SocialState\":0,\r\n    \"STD_PassportExDate\":\"5/12/2027\",\r\n    \"STD_Religion\":\"muslim\",\r\n    \"STD_Language\":\"arabic\",\r\n    \"STD_Eduction\":\"bachelor\",\r\n    \"STD_Email\":\"hamza@gmail.com\",\r\n    \"STD_Phone\":\"01212601762\",\r\n    \"STD_WhatsAppNo\":\"01212601762\",\r\n    \"STD_PlaceOfBirth\":\"SA\",\r\n    \"STD_Occupation\":\"bachelor\",\r\n    \"STD_Address\":\"BNS\",\r\n    \"STD_InChinaNow\":0,\r\n    \"STD_StudyInChine\":0,\r\n    \"STD_PassportPhoto\":\"\",\r\n    \"STD_PassportIDPhoto\":\"\",\r\n    \"STD_AcadimicTransctiptPhoto\":\"\",\r\n    \"STD_HieghestEduPhoto\":\"\",\r\n    \"STD_BankStatmentPhoto\":\"\",\r\n    \"STD_ForeignerExam\":\"\",\r\n    \"STD_NoCrimimalRecord\":\"\",\r\n    \"STD_AppForm\":\"\",\r\n    \"STD_UniversityAppForm\":\"\",\r\n    \"STD_USR_ID\":1\r\n}",
					"options": {
						"raw": {
							"language": "json"
						}
					}
				},
				"url": {
					"raw": "https://h7asoon-001-site1.ctempurl.com/api/Student/Update_Student?STD_ID=4",
					"protocol": "https",
					"host": [
						"h7asoon-001-site1",
						"ctempurl",
						"com"
					],
					"path": [
						"api",
						"Student",
						"Update_Student"
					],
					"query": [
						{
							"key": "STD_ID",
							"value": "4"
						}
					]
				}
			},
			"response": []
		},
		{
			"name": "Delete_Student",
			"request": {
				"method": "DELETE",
				"header": [],
				"url": {
					"raw": "https://h7asoon-001-site1.ctempurl.com/api/Student/Delete_Student?STD_ID=1",
					"protocol": "https",
					"host": [
						"h7asoon-001-site1",
						"ctempurl",
						"com"
					],
					"path": [
						"api",
						"Student",
						"Delete_Student"
					],
					"query": [
						{
							"key": "STD_ID",
							"value": "1"
						}
					]
				}
			},
			"response": []
		},
		{
			"name": "Get_Student",
			"request": {
				"method": "GET",
				"header": [],
				"url": {
					"raw": "https://h7asoon-001-site1.ctempurl.com/api/Student/Get_Student?STD_ID=3",
					"protocol": "https",
					"host": [
						"h7asoon-001-site1",
						"ctempurl",
						"com"
					],
					"path": [
						"api",
						"Student",
						"Get_Student"
					],
					"query": [
						{
							"key": "STD_ID",
							"value": "3"
						}
					]
				}
			},
			"response": []
		},
		{
			"name": "Get_Agent_Students",
			"request": {
				"method": "GET",
				"header": [],
				"url": {
					"raw": "https://h7asoon-001-site1.ctempurl.com/api/Student/Get_Agent_Students?STD_USR_ID=1&Page_Number=1&Limit=5",
					"protocol": "https",
					"host": [
						"h7asoon-001-site1",
						"ctempurl",
						"com"
					],
					"path": [
						"api",
						"Student",
						"Get_Agent_Students"
					],
					"query": [
						{
							"key": "STD_USR_ID",
							"value": "1"
						},
						{
							"key": "Page_Number",
							"value": "1"
						},
						{
							"key": "Limit",
							"value": "5"
						}
					]
				}
			},
			"response": []
		}
	]
}