{
	"info": {
		"_postman_id": "7d2df401-3629-4d3e-bbdb-957a502a55cf",
		"name": "AFC_Statistics",
		"schema": "https://schema.getpostman.com/json/collection/v2.1.0/collection.json",
		"_exporter_id": "26044109"
	},
	"item": [
		{
			"name": "Agent_Statistics",
			"request": {
				"method": "GET",
				"header": [],
				"url": {
					"raw": "http://chinaproject-001-site1.itempurl.com/api/Statistics/Agent_Statistics?USR_ID=11",
					"protocol": "http",
					"host": [
						"chinaproject-001-site1",
						"itempurl",
						"com"
					],
					"path": [
						"api",
						"Statistics",
						"Agent_Statistics"
					],
					"query": [
						{
							"key": "USR_ID",
							"value": "11"
						}
					]
				}
			},
			"response": []
		}
	]
}