{
	"info": {
		"_postman_id": "1b0e05f1-5486-40e2-9b60-e9bdc3cdd5f1",
		"name": "AFC_ApplicationFile",
		"schema": "https://schema.getpostman.com/json/collection/v2.1.0/collection.json",
		"_exporter_id": "26044109"
	},
	"item": [
		{
			"name": "Get_Application_Files",
			"request": {
				"method": "GET",
				"header": [],
				"url": {
					"raw": "applywork-001-site1.atempurl.com/api/ApplicationFile/Get_Application_Files?APPF_APP_ID=28",
					"host": [
						"applywork-001-site1",
						"atempurl",
						"com"
					],
					"path": [
						"api",
						"ApplicationFile",
						"Get_Application_Files"
					],
					"query": [
						{
							"key": "APPF_APP_ID",
							"value": "28"
						}
					]
				}
			},
			"response": []
		},
		{
			"name": "Get_Application_File",
			"request": {
				"method": "GET",
				"header": [],
				"url": {
					"raw": "applywork-001-site1.atempurl.com/api/ApplicationFile/Get_Application_File?APPF_ID=1",
					"host": [
						"applywork-001-site1",
						"atempurl",
						"com"
					],
					"path": [
						"api",
						"ApplicationFile",
						"Get_Application_File"
					],
					"query": [
						{
							"key": "APPF_ID",
							"value": "1"
						}
					]
				}
			},
			"response": []
		},
		{
			"name": "Insert_Application_File",
			"request": {
				"method": "POST",
				"header": [],
				"body": {
					"mode": "raw",
					"raw": "{\r\n    \"APPF_Decoument\":\"test4\",\r\n    \"APPF_File\":\"eqweqweqw\",\r\n    \"APPF_APP_ID\": 28\r\n}",
					"options": {
						"raw": {
							"language": "json"
						}
					}
				},
				"url": {
					"raw": "applywork-001-site1.atempurl.com/api/ApplicationFile/Insert_Application_File",
					"host": [
						"applywork-001-site1",
						"atempurl",
						"com"
					],
					"path": [
						"api",
						"ApplicationFile",
						"Insert_Application_File"
					]
				}
			},
			"response": []
		},
		{
			"name": "Update_Application_File",
			"request": {
				"method": "PUT",
				"header": [],
				"body": {
					"mode": "raw",
					"raw": "{\r\n    \"APPF_Decoument\":\"test5\",\r\n    \"APPF_File\":\"eqweqweqw\",\r\n    \"APPF_APP_ID\": 28\r\n}",
					"options": {
						"raw": {
							"language": "json"
						}
					}
				},
				"url": {
					"raw": "applywork-001-site1.atempurl.com/api/ApplicationFile/Update_Application_File?APPF_ID=5",
					"host": [
						"applywork-001-site1",
						"atempurl",
						"com"
					],
					"path": [
						"api",
						"ApplicationFile",
						"Update_Application_File"
					],
					"query": [
						{
							"key": "APPF_ID",
							"value": "5"
						}
					]
				}
			},
			"response": []
		},
		{
			"name": "Delete_Application_File",
			"request": {
				"method": "DELETE",
				"header": [],
				"url": {
					"raw": "applywork-001-site1.atempurl.com/api/ApplicationFile/Delete_Application_File?APPF_ID=5",
					"host": [
						"applywork-001-site1",
						"atempurl",
						"com"
					],
					"path": [
						"api",
						"ApplicationFile",
						"Delete_Application_File"
					],
					"query": [
						{
							"key": "APPF_ID",
							"value": "5"
						}
					]
				}
			},
			"response": []
		}
	]
}